[
  {
    "id": "bc8b5d05-2a5c-4c24-8e3a-736234fb6270",
    "data": [
      {
        "text": "my pincode is ",
        "userDefined": false
      },
      {
        "text": "110046",
        "meta": "@sys.ignore",
        "userDefined": true
      }
    ],
    "isTemplate": false,
    "count": 0,
    "lang": "en",
    "updated": 0
  },
  {
    "id": "16fb690c-5ee3-4a15-a666-131a0887b0e7",
    "data": [
      {
        "text": "pincode is ",
        "userDefined": false
      },
      {
        "text": "110046",
        "meta": "@sys.ignore",
        "userDefined": true
      }
    ],
    "isTemplate": false,
    "count": 0,
    "lang": "en",
    "updated": 0
  },
  {
    "id": "620873bb-cfd8-4fd9-99c7-dc480931d189",
    "data": [
      {
        "text": "pin code is ",
        "userDefined": false
      },
      {
        "text": "110046",
        "meta": "@sys.ignore",
        "userDefined": true
      }
    ],
    "isTemplate": false,
    "count": 0,
    "lang": "en",
    "updated": 0
  },
  {
    "id": "cf9310e1-713d-4223-a334-bd1ae64e3341",
    "data": [
      {
        "text": "my pin code is ",
        "userDefined": false
      },
      {
        "text": "110046",
        "meta": "@sys.ignore",
        "userDefined": true
      }
    ],
    "isTemplate": false,
    "count": 0,
    "lang": "en",
    "updated": 0
  },
  {
    "id": "a9fcdafc-a03f-422a-b9f1-dfc9f55ccd88",
    "data": [
      {
        "text": "110046",
        "meta": "@sys.ignore",
        "userDefined": true
      }
    ],
    "isTemplate": false,
    "count": 0,
    "lang": "en",
    "updated": 0
  }
]