[
  {
    "id": "f5f40e0d-fb9d-44c3-b433-d6c8eb1185be",
    "data": [
      {
        "text": "meri appointment set kren ",
        "userDefined": false
      },
      {
        "text": "saturday",
        "meta": "@sys.date",
        "alias": "date",
        "userDefined": true
      },
      {
        "text": " ko ",
        "userDefined": false
      },
      {
        "text": "3pm",
        "meta": "@sys.time",
        "alias": "time",
        "userDefined": false
      },
      {
        "text": " ki",
        "userDefined": false
      }
    ],
    "isTemplate": false,
    "count": 0,
    "lang": "en",
    "updated": 0
  },
  {
    "id": "a5dd5284-6070-4333-9bd4-0ef63d6bbb6d",
    "data": [
      {
        "text": "saturday",
        "meta": "@sys.date",
        "alias": "date",
        "userDefined": true
      },
      {
        "text": " ko ",
        "userDefined": false
      },
      {
        "text": "3pm",
        "meta": "@sys.time",
        "alias": "time",
        "userDefined": false
      },
      {
        "text": " ki appointment chaiye",
        "userDefined": false
      }
    ],
    "isTemplate": false,
    "count": 0,
    "lang": "en",
    "updated": 0
  },
  {
    "id": "279dd02c-6b35-485f-8f7e-ad6223630c79",
    "data": [
      {
        "text": "saturday",
        "meta": "@sys.date",
        "alias": "date",
        "userDefined": false
      },
      {
        "text": " ko ",
        "userDefined": false
      },
      {
        "text": "3pm",
        "meta": "@sys.time",
        "alias": "time",
        "userDefined": false
      },
      {
        "text": " ki appointment book kro",
        "userDefined": false
      }
    ],
    "isTemplate": false,
    "count": 0,
    "lang": "en",
    "updated": 0
  },
  {
    "id": "9e924f80-0e46-4888-be12-0a8ead737147",
    "data": [
      {
        "text": "mujhe ",
        "userDefined": false
      },
      {
        "text": "25 march",
        "meta": "@sys.date",
        "alias": "date",
        "userDefined": false
      },
      {
        "text": " ",
        "userDefined": false
      },
      {
        "text": "3pm",
        "meta": "@sys.time",
        "alias": "time",
        "userDefined": false
      },
      {
        "text": " ki appointment chaiye",
        "userDefined": false
      }
    ],
    "isTemplate": false,
    "count": 0,
    "lang": "en",
    "updated": 0
  },
  {
    "id": "c9887e00-6f77-4b87-bb7e-561cccf6b5da",
    "data": [
      {
        "text": "mujhe appointment chaiye",
        "userDefined": false
      }
    ],
    "isTemplate": false,
    "count": 0,
    "lang": "en",
    "updated": 0
  },
  {
    "id": "1f1da4bc-0b95-49a0-b8e6-0081ace59381",
    "data": [
      {
        "text": "मैं दोपहर ",
        "userDefined": false
      },
      {
        "text": "3 बजे",
        "meta": "@sys.time",
        "alias": "time",
        "userDefined": true
      },
      {
        "text": " ",
        "userDefined": false
      },
      {
        "text": "23 मार्च",
        "meta": "@sys.date",
        "alias": "date",
        "userDefined": true
      },
      {
        "text": " की नियुक्ति चाहता हूं।",
        "userDefined": false
      }
    ],
    "isTemplate": false,
    "count": 0,
    "lang": "en",
    "updated": 0
  },
  {
    "id": "602a893f-f947-46f9-919e-4080a272cdcf",
    "data": [
      {
        "text": "mujhe ",
        "userDefined": false
      },
      {
        "text": "23 march",
        "meta": "@sys.date",
        "alias": "date",
        "userDefined": true
      },
      {
        "text": " ko ",
        "userDefined": false
      },
      {
        "text": "3pm",
        "meta": "@sys.time",
        "alias": "time",
        "userDefined": true
      },
      {
        "text": " ki appointment chaiye",
        "userDefined": false
      }
    ],
    "isTemplate": false,
    "count": 0,
    "lang": "en",
    "updated": 0
  }
]