[
  {
    "id": "a61063b5-d5ac-4b63-808f-030377744e4e",
    "data": [
      {
        "text": "bimari",
        "meta": "@health",
        "alias": "health",
        "userDefined": true
      }
    ],
    "isTemplate": false,
    "count": 0,
    "lang": "en",
    "updated": 0
  },
  {
    "id": "23a72f21-a978-41ee-9500-db78787f232f",
    "data": [
      {
        "text": "mere aas pas kon kon ",
        "userDefined": false
      },
      {
        "text": "doctor",
        "meta": "@health",
        "alias": "health",
        "userDefined": false
      },
      {
        "text": " hain\u0027",
        "userDefined": false
      }
    ],
    "isTemplate": false,
    "count": 0,
    "lang": "en",
    "updated": 0
  },
  {
    "id": "20091893-d2c1-4df5-8ac4-a9bef55af370",
    "data": [
      {
        "text": "aas pas ke ",
        "userDefined": false
      },
      {
        "text": "doctor",
        "meta": "@health",
        "alias": "health",
        "userDefined": false
      },
      {
        "text": " batao",
        "userDefined": false
      }
    ],
    "isTemplate": false,
    "count": 0,
    "lang": "en",
    "updated": 0
  },
  {
    "id": "85f2f692-a814-45a6-a0e1-1dfc3f9a6a3b",
    "data": [
      {
        "text": "mere aas pas ke ",
        "userDefined": false
      },
      {
        "text": "doctor",
        "meta": "@health",
        "alias": "health",
        "userDefined": false
      }
    ],
    "isTemplate": false,
    "count": 0,
    "lang": "en",
    "updated": 0
  },
  {
    "id": "0b6fc6d5-80e9-40b9-8947-b0bde89a2f61",
    "data": [
      {
        "text": "main ",
        "userDefined": false
      },
      {
        "text": "beemar",
        "meta": "@health",
        "alias": "health",
        "userDefined": true
      },
      {
        "text": " hoon",
        "userDefined": false
      }
    ],
    "isTemplate": false,
    "count": 0,
    "lang": "en",
    "updated": 0
  },
  {
    "id": "8a2b344e-5e31-4e57-85f7-f204fa2bbc8c",
    "data": [
      {
        "text": "meri madat kro main ",
        "userDefined": false
      },
      {
        "text": "beemar",
        "meta": "@health",
        "alias": "health",
        "userDefined": true
      },
      {
        "text": " hoon",
        "userDefined": false
      }
    ],
    "isTemplate": false,
    "count": 0,
    "lang": "en",
    "updated": 0
  }
]