[
  {
    "id": "34956d31-a2f8-4f44-b343-d701339c1819",
    "data": [
      {
        "text": "what are ur features?",
        "userDefined": false
      }
    ],
    "isTemplate": false,
    "count": 0,
    "lang": "en",
    "updated": 0
  },
  {
    "id": "cc5809af-de4d-4015-a37d-2160dfd2c763",
    "data": [
      {
        "text": "what can ur features",
        "userDefined": false
      }
    ],
    "isTemplate": false,
    "count": 0,
    "lang": "en",
    "updated": 0
  },
  {
    "id": "f74a6de3-0a9c-4035-867d-6732dec755d1",
    "data": [
      {
        "text": "what are your features",
        "userDefined": false
      }
    ],
    "isTemplate": false,
    "count": 0,
    "lang": "en",
    "updated": 0
  },
  {
    "id": "0ed44df2-2c01-43b2-9503-c956989181b4",
    "data": [
      {
        "text": "what are your features?",
        "userDefined": false
      }
    ],
    "isTemplate": false,
    "count": 0,
    "lang": "en",
    "updated": 0
  },
  {
    "id": "19dc37f4-911c-428c-8660-f555359c8ed8",
    "data": [
      {
        "text": "what can you do for me?",
        "userDefined": false
      }
    ],
    "isTemplate": false,
    "count": 0,
    "lang": "en",
    "updated": 0
  },
  {
    "id": "acdcba54-ed65-48fe-9d8a-ddd554e4cbc9",
    "data": [
      {
        "text": "what can you do for me",
        "userDefined": false
      }
    ],
    "isTemplate": false,
    "count": 1,
    "lang": "en",
    "updated": 0
  },
  {
    "id": "dc51b4c0-fcfa-4c73-b691-38d6b17ec88d",
    "data": [
      {
        "text": "what can you do",
        "userDefined": false
      }
    ],
    "isTemplate": false,
    "count": 1,
    "lang": "en",
    "updated": 0
  },
  {
    "id": "e979241f-a365-43cb-89fa-e62f7913d36d",
    "data": [
      {
        "text": "what can you do?",
        "userDefined": false
      }
    ],
    "isTemplate": false,
    "count": 0,
    "lang": "en",
    "updated": 0
  },
  {
    "id": "977c0e2b-b3cd-4aca-a11d-0d6839e1ff37",
    "data": [
      {
        "text": "help me",
        "userDefined": false
      }
    ],
    "isTemplate": false,
    "count": 0,
    "lang": "en",
    "updated": 0
  },
  {
    "id": "91631c1b-89d4-4a04-932b-2bea98276e87",
    "data": [
      {
        "text": "how can you help me",
        "userDefined": false
      }
    ],
    "isTemplate": false,
    "count": 0,
    "lang": "en",
    "updated": 0
  },
  {
    "id": "7f29a338-da53-4143-94de-875ec900874e",
    "data": [
      {
        "text": "how can you help me?",
        "userDefined": false
      }
    ],
    "isTemplate": false,
    "count": 0,
    "lang": "en",
    "updated": 0
  },
  {
    "id": "e6b5db79-5573-43cf-b5bb-0408e761a181",
    "data": [
      {
        "text": "what can u do for me?",
        "userDefined": false
      }
    ],
    "isTemplate": false,
    "count": 0,
    "lang": "en",
    "updated": 0
  },
  {
    "id": "ad75fce1-7673-4f3e-b3dd-5770154e206b",
    "data": [
      {
        "text": "what can u do?",
        "userDefined": false
      }
    ],
    "isTemplate": false,
    "count": 0,
    "lang": "en",
    "updated": 0
  },
  {
    "id": "fb0c7a20-90f7-438a-af28-622afe83a5b5",
    "data": [
      {
        "text": "what can u do",
        "userDefined": false
      }
    ],
    "isTemplate": false,
    "count": 1,
    "lang": "en",
    "updated": 0
  }
]