[
  {
    "id": "636c4ab8-9d11-452f-a40a-71eddaffc929",
    "data": [
      {
        "text": "There are a lot of ",
        "userDefined": false
      },
      {
        "text": "mosqitoes",
        "meta": "@Dengue",
        "alias": "Dengue",
        "userDefined": true
      },
      {
        "text": " in my area",
        "userDefined": false
      }
    ],
    "isTemplate": false,
    "count": 0,
    "lang": "en",
    "updated": 0
  },
  {
    "id": "a8c6dbe8-af62-4441-891c-ae2342f88009",
    "data": [
      {
        "text": "mosquitoes",
        "meta": "@Dengue",
        "alias": "Dengue",
        "userDefined": false
      }
    ],
    "isTemplate": false,
    "count": 0,
    "lang": "en",
    "updated": 0
  },
  {
    "id": "204aa0b5-cd26-4381-a078-3c08f9b61e3a",
    "data": [
      {
        "text": "A ",
        "userDefined": false
      },
      {
        "text": "mosquito",
        "meta": "@Dengue",
        "alias": "Dengue",
        "userDefined": true
      },
      {
        "text": " bit me and I am now ill.",
        "userDefined": false
      }
    ],
    "isTemplate": false,
    "count": 0,
    "lang": "en",
    "updated": 0
  },
  {
    "id": "f531830e-c39d-4d63-be3a-328be5284a43",
    "data": [
      {
        "text": "i m ",
        "userDefined": false
      },
      {
        "text": "feeling",
        "meta": "@feeling_having_facing",
        "alias": "feeling_having_facing",
        "userDefined": false
      },
      {
        "text": " ",
        "userDefined": false
      },
      {
        "text": "dengue",
        "meta": "@Dengue",
        "alias": "Dengue",
        "userDefined": true
      }
    ],
    "isTemplate": false,
    "count": 0,
    "lang": "en",
    "updated": 0
  },
  {
    "id": "31a7f8a5-f23c-4887-89cb-5de951cb2004",
    "data": [
      {
        "text": "i am ",
        "userDefined": false
      },
      {
        "text": "feeling",
        "meta": "@feeling_having_facing",
        "alias": "feeling_having_facing",
        "userDefined": true
      },
      {
        "text": " ",
        "userDefined": false
      },
      {
        "text": "dengue",
        "meta": "@Dengue",
        "alias": "Dengue",
        "userDefined": true
      }
    ],
    "isTemplate": false,
    "count": 0,
    "lang": "en",
    "updated": 0
  }
]