[
  {
    "id": "8d78217f-868e-4dfa-9e71-2fd9cd778ff7",
    "data": [
      {
        "text": "Gharelu ",
        "userDefined": false
      },
      {
        "text": "nuskhe",
        "meta": "@sys.any",
        "alias": "any",
        "userDefined": true
      },
      {
        "text": " for fever",
        "userDefined": false
      }
    ],
    "isTemplate": false,
    "count": 0,
    "lang": "en",
    "updated": 0
  },
  {
    "id": "e8b5a69a-0d33-4fb1-b613-0213e5192d11",
    "data": [
      {
        "text": "Gharelu ",
        "userDefined": false
      },
      {
        "text": "Nuskhe",
        "meta": "@sys.any",
        "alias": "any",
        "userDefined": true
      },
      {
        "text": " for fever",
        "userDefined": false
      }
    ],
    "isTemplate": false,
    "count": 0,
    "lang": "en",
    "updated": 0
  },
  {
    "id": "ec225271-d7b5-4790-8df0-c6029b42f1bd",
    "data": [
      {
        "text": "Gharelu nuskhe",
        "meta": "@sys.any",
        "alias": "any",
        "userDefined": true
      },
      {
        "text": " for cold",
        "userDefined": false
      }
    ],
    "isTemplate": false,
    "count": 0,
    "lang": "en",
    "updated": 0
  }
]