[
  {
    "id": "6e7697b9-ccc7-4722-b565-b2e9e8b5ad38",
    "data": [
      {
        "text": "I feel like my skin is burning, ",
        "userDefined": false
      },
      {
        "text": "heart rate",
        "meta": "@tell_suggest",
        "alias": "tell_suggest",
        "userDefined": false
      },
      {
        "text": " is too fast and I am getting dizzy",
        "userDefined": false
      }
    ],
    "isTemplate": false,
    "count": 0,
    "lang": "en",
    "updated": 0
  },
  {
    "id": "a8f2eba9-bd12-48d6-bc8b-a6c0cdad5852",
    "data": [
      {
        "text": "I have been having rapid ",
        "userDefined": false
      },
      {
        "text": "heart rate",
        "meta": "@tell_suggest",
        "alias": "tell_suggest",
        "userDefined": true
      }
    ],
    "isTemplate": false,
    "count": 0,
    "lang": "en",
    "updated": 0
  },
  {
    "id": "45f729a0-ce21-41f2-8d37-7fe0954e6cb5",
    "data": [
      {
        "text": "suggest",
        "meta": "@tell_suggest",
        "alias": "tell_suggest",
        "userDefined": false
      },
      {
        "text": " me some medicines for heatstroke",
        "userDefined": false
      }
    ],
    "isTemplate": false,
    "count": 0,
    "lang": "en",
    "updated": 0
  },
  {
    "id": "2080cf1c-7c5a-4562-9a30-b5ed7aad8a95",
    "data": [
      {
        "text": "suggest",
        "meta": "@tell_suggest",
        "alias": "tell_suggest",
        "userDefined": false
      },
      {
        "text": " me some ",
        "userDefined": false
      },
      {
        "text": "medicine for",
        "meta": "@sys.ignore",
        "userDefined": false
      },
      {
        "text": " heatstroke",
        "userDefined": false
      }
    ],
    "isTemplate": false,
    "count": 0,
    "lang": "en",
    "updated": 0
  },
  {
    "id": "f9281227-fad2-47e0-9b61-ccafe9fcc231",
    "data": [
      {
        "text": "medicines for heatstroke",
        "userDefined": false
      }
    ],
    "isTemplate": false,
    "count": 0,
    "lang": "en",
    "updated": 0
  }
]