[
  {
    "id": "5bfcc8a6-2c69-4689-bff0-8b7cd79fcdc4",
    "data": [
      {
        "text": "ki hal hai",
        "userDefined": false
      }
    ],
    "isTemplate": false,
    "count": 0,
    "lang": "en",
    "updated": 0
  },
  {
    "id": "36283d7b-353e-4ee6-953a-711cecd359d5",
    "data": [
      {
        "text": "kiddan",
        "userDefined": false
      }
    ],
    "isTemplate": false,
    "count": 0,
    "lang": "en",
    "updated": 0
  },
  {
    "id": "29a86f4c-11ff-47eb-a0f6-5d6f1115c0ec",
    "data": [
      {
        "text": "kiveyan",
        "userDefined": false
      }
    ],
    "isTemplate": false,
    "count": 0,
    "lang": "en",
    "updated": 0
  },
  {
    "id": "d56cb3bf-9dbc-4564-8d30-61cf6845f99c",
    "data": [
      {
        "text": "sat",
        "meta": "@sys.ignore",
        "userDefined": false
      },
      {
        "text": " sri akal",
        "userDefined": false
      }
    ],
    "isTemplate": false,
    "count": 0,
    "lang": "en",
    "updated": 0
  }
]