[
  {
    "id": "416062f9-6795-40a1-9ef6-81061b62495f",
    "data": [
      {
        "text": "I am ",
        "userDefined": false
      },
      {
        "text": "having",
        "meta": "@sys.ignore",
        "userDefined": false
      },
      {
        "text": " ",
        "userDefined": false
      },
      {
        "text": "high fever",
        "meta": "@feeling_having_facing",
        "alias": "feeling_having_facing",
        "userDefined": true
      },
      {
        "text": " and ",
        "userDefined": false
      },
      {
        "text": "cold",
        "meta": "@sys.ignore",
        "userDefined": true
      }
    ],
    "isTemplate": false,
    "count": 0,
    "lang": "en",
    "updated": 0
  },
  {
    "id": "4b53317a-8150-48ea-809a-441d6b84cd55",
    "data": [
      {
        "text": "i m ",
        "userDefined": false
      },
      {
        "text": "feeling",
        "meta": "@feeling_having_facing",
        "alias": "feeling_having_facing",
        "userDefined": true
      },
      {
        "text": " ",
        "userDefined": false
      },
      {
        "text": "viralfever",
        "meta": "@Viralfever",
        "alias": "Viralfever",
        "userDefined": true
      }
    ],
    "isTemplate": false,
    "count": 0,
    "lang": "en",
    "updated": 0
  },
  {
    "id": "059492bf-c367-4c69-a80c-7be95e212a10",
    "data": [
      {
        "text": "i am ",
        "userDefined": false
      },
      {
        "text": "feeling",
        "meta": "@feeling_having_facing",
        "alias": "feeling_having_facing",
        "userDefined": true
      },
      {
        "text": " ",
        "userDefined": false
      },
      {
        "text": "viralfever",
        "meta": "@Viralfever",
        "alias": "Viralfever",
        "userDefined": true
      }
    ],
    "isTemplate": false,
    "count": 0,
    "lang": "en",
    "updated": 0
  }
]